15日（今天）,多云转阴,34,20
16日（明天）,阴转中雨,31,19
17日（后天）,小雨转晴,26,17
18日（周四）,多云转阴,28,18
19日（周五）,阴转多云,30,20
20日（周六）,阴转多云,32,23
21日（周日）,小雨,30,21
15日（今天）,多云转阴,34,20
16日（明天）,阴转中雨,31,19
17日（后天）,小雨转晴,26,17
18日（周四）,多云转阴,28,18
19日（周五）,阴转多云,30,20
20日（周六）,阴转多云,32,23
21日（周日）,小雨,30,21
15日（今天）,多云转阴,34,20
16日（明天）,阴转中雨,31,19
17日（后天）,小雨转晴,26,17
18日（周四）,多云转阴,28,18
19日（周五）,阴转多云,30,20
20日（周六）,阴转多云,32,23
21日（周日）,小雨,30,21
15日（今天）,多云转阴,34,20
16日（明天）,阴转中雨,31,19
17日（后天）,小雨转晴,26,17
18日（周四）,多云转阴,28,18
19日（周五）,阴转多云,30,20
20日（周六）,阴转多云,32,23
21日（周日）,小雨,30,21
15日（今天）,多云转阴,34,20
16日（明天）,阴转中雨,31,19
17日（后天）,小雨转晴,26,17
18日（周四）,多云转阴,28,18
19日（周五）,阴转多云,30,20
20日（周六）,阴转多云,32,23
21日（周日）,小雨,30,21
15日（今天）,多云转阴,34,20
16日（明天）,阴转中雨,31,19
17日（后天）,小雨转晴,26,17
18日（周四）,多云转阴,28,18
19日（周五）,阴转多云,30,20
20日（周六）,阴转多云,32,23
21日（周日）,小雨,30,21
15日（今天）,多云转阴,34,20
16日（明天）,阴转中雨,31,19
17日（后天）,小雨转晴,26,17
18日（周四）,多云转阴,28,18
19日（周五）,阴转多云,30,20
20日（周六）,阴转多云,32,23
21日（周日）,小雨,30,21
15日（今天）,多云转阴,34,20
16日（明天）,阴转中雨,31,19
17日（后天）,小雨转晴,26,17
18日（周四）,多云转阴,28,18
19日（周五）,阴转多云,30,20
20日（周六）,阴转多云,32,23
21日（周日）,小雨,30,21
15日（今天）,多云转阴,34,20
16日（明天）,阴转中雨,31,19
17日（后天）,小雨转晴,26,17
18日（周四）,多云转阴,28,18
19日（周五）,阴转多云,30,20
20日（周六）,阴转多云,32,23
21日（周日）,小雨,30,21
15日（今天）,多云转阴,34,20
16日（明天）,阴转中雨,31,19
17日（后天）,小雨转晴,26,17
18日（周四）,多云转阴,28,18
19日（周五）,阴转多云,30,20
20日（周六）,阴转多云,32,23
21日（周日）,小雨,30,21
15日（今天）,多云转阴,34,20
16日（明天）,阴转中雨,31,19
17日（后天）,小雨转晴,26,17
18日（周四）,多云转阴,28,18
19日（周五）,阴转多云,30,20
20日（周六）,阴转多云,32,23
21日（周日）,小雨,30,21
15日（今天）,多云转阴,34,20
16日（明天）,阴转中雨,31,19
17日（后天）,小雨转晴,26,17
18日（周四）,多云转阴,28,18
19日（周五）,阴转多云,30,20
20日（周六）,阴转多云,32,23
21日（周日）,小雨,30,21
15日（今天）,多云转阴,34,20
16日（明天）,阴转中雨,31,19
17日（后天）,小雨转晴,26,17
18日（周四）,多云转阴,28,18
19日（周五）,阴转多云,30,20
20日（周六）,阴转多云,32,23
21日（周日）,小雨,30,21
15日（今天）,多云转阴,34,20
16日（明天）,阴转中雨,31,19
17日（后天）,小雨转晴,26,17
18日（周四）,多云转阴,28,18
19日（周五）,阴转多云,30,20
20日（周六）,阴转多云,32,23
21日（周日）,小雨,30,21
15日（今天）,多云转阴,34,20
16日（明天）,阴转中雨,31,19
17日（后天）,小雨转晴,26,17
18日（周四）,多云转阴,28,18
19日（周五）,阴转多云,30,20
20日（周六）,阴转多云,32,23
21日（周日）,小雨,30,21
15日（今天）,多云转阴,34,20
16日（明天）,阴转中雨,31,19
17日（后天）,小雨转晴,26,17
18日（周四）,多云转阴,28,18
19日（周五）,阴转多云,30,20
20日（周六）,阴转多云,32,23
21日（周日）,小雨,30,21
15日（今天）,多云转阴,34,20
16日（明天）,阴转中雨,31,19
17日（后天）,小雨转晴,26,17
18日（周四）,多云转阴,28,18
19日（周五）,阴转多云,30,20
20日（周六）,阴转多云,32,23
21日（周日）,小雨,30,21
15日（今天）,多云转阴,34,20
16日（明天）,阴转中雨,31,19
17日（后天）,小雨转晴,26,17
18日（周四）,多云转阴,28,18
19日（周五）,阴转多云,30,20
20日（周六）,阴转多云,32,23
21日（周日）,小雨,30,21
15日（今天）,多云转阴,34,20
16日（明天）,阴转中雨,31,19
17日（后天）,小雨转晴,26,17
18日（周四）,多云转阴,28,18
19日（周五）,阴转多云,30,20
20日（周六）,阴转多云,32,23
21日（周日）,小雨,30,21
16日（今天）,阴转小雨,31,19
17日（明天）,小雨,25,17
18日（后天）,阴,28,18
19日（周五）,阴转多云,29,19
20日（周六）,晴,31,20
21日（周日）,阴转小雨,32,19
22日（周一）,多云,26,15
